Image,Predicted Class
874.jpeg,8
666.jpeg,1
1370.jpeg,13
860.jpeg,22
886.jpeg,36
449.jpeg,4
896.jpeg,0
1363.jpeg,40
1347.jpeg,42
798.jpeg,23
1228.jpeg,40
927.jpeg,15
161.jpeg,45
906.jpeg,4
240.jpeg,27
635.jpeg,8
1177.jpeg,34
903.jpeg,13
103.jpeg,32
496.jpeg,48
174.jpeg,32
742.jpeg,8
655.jpeg,46
1114.jpeg,12
519.jpeg,21
232.jpeg,35
626.jpeg,32
1069.jpeg,13
563.jpeg,34
839.jpeg,7
911.jpeg,11
467.jpeg,10
1459.jpeg,48
445.jpeg,29
279.jpeg,4
887.jpeg,40
881.jpeg,29
1388.jpeg,20
720.jpeg,11
373.jpeg,27
1111.jpeg,16
1179.jpeg,9
227.jpeg,7
514.jpeg,32
1023.jpeg,7
1050.jpeg,42
889.jpeg,19
939.jpeg,24
654.jpeg,47
902.jpeg,24
1184.jpeg,10
87.jpeg,16
612.jpeg,13
1415.jpeg,22
1033.jpeg,47
1132.jpeg,48
476.jpeg,43
700.jpeg,4
680.jpeg,26
678.jpeg,44
330.jpeg,17
54.jpeg,6
661.jpeg,40
336.jpeg,14
1473.jpeg,12
653.jpeg,5
259.jpeg,11
435.jpeg,20
756.jpeg,8
540.jpeg,7
865.jpeg,33
1340.jpeg,26
79.jpeg,28
310.jpeg,17
68.jpeg,9
580.jpeg,30
853.jpeg,10
48.jpeg,8
934.jpeg,8
297.jpeg,41
648.jpeg,49
823.jpeg,32
885.jpeg,47
1105.jpeg,46
463.jpeg,9
335.jpeg,21
1223.jpeg,0
221.jpeg,21
275.jpeg,12
251.jpeg,10
157.jpeg,34
345.jpeg,12
943.jpeg,30
1068.jpeg,33
392.jpeg,6
1444.jpeg,7
1406.jpeg,24
603.jpeg,22
208.jpeg,29
933.jpeg,13
1380.jpeg,41
1201.jpeg,19
774.jpeg,14
1434.jpeg,8
745.jpeg,23
1469.jpeg,8
524.jpeg,28
686.jpeg,27
45.jpeg,30
1003.jpeg,13
968.jpeg,14
604.jpeg,16
1401.jpeg,40
252.jpeg,3
163.jpeg,20
981.jpeg,41
738.jpeg,33
25.jpeg,17
652.jpeg,9
638.jpeg,35
180.jpeg,43
1400.jpeg,13
1257.jpeg,4
137.jpeg,30
770.jpeg,4
1053.jpeg,25
550.jpeg,33
245.jpeg,37
284.jpeg,42
1436.jpeg,35
1131.jpeg,29
91.jpeg,47
1262.jpeg,8
1483.jpeg,14
88.jpeg,23
1226.jpeg,15
855.jpeg,33
945.jpeg,45
1075.jpeg,36
600.jpeg,16
953.jpeg,21
694.jpeg,25
711.jpeg,44
768.jpeg,1
419.jpeg,12
1008.jpeg,14
538.jpeg,32
1300.jpeg,34
472.jpeg,12
1268.jpeg,49
172.jpeg,3
754.jpeg,0
947.jpeg,17
43.jpeg,0
487.jpeg,33
1414.jpeg,34
139.jpeg,15
533.jpeg,21
1022.jpeg,45
1429.jpeg,12
975.jpeg,47
1303.jpeg,36
693.jpeg,29
1393.jpeg,13
1417.jpeg,45
877.jpeg,1
1361.jpeg,2
561.jpeg,36
1017.jpeg,23
664.jpeg,14
951.jpeg,0
1147.jpeg,39
1320.jpeg,39
565.jpeg,48
682.jpeg,9
173.jpeg,34
1492.jpeg,34
489.jpeg,27
10.jpeg,33
247.jpeg,7
363.jpeg,3
448.jpeg,34
1247.jpeg,20
384.jpeg,36
1470.jpeg,28
1157.jpeg,25
1307.jpeg,35
1092.jpeg,44
643.jpeg,35
973.jpeg,40
26.jpeg,48
1464.jpeg,26
1455.jpeg,24
959.jpeg,10
13.jpeg,32
1280.jpeg,32
332.jpeg,13
639.jpeg,4
634.jpeg,29
759.jpeg,27
938.jpeg,49
608.jpeg,29
1269.jpeg,14
415.jpeg,17
1295.jpeg,26
859.jpeg,42
166.jpeg,41
688.jpeg,8
662.jpeg,29
1130.jpeg,24
47.jpeg,43
689.jpeg,15
1298.jpeg,3
1411.jpeg,0
338.jpeg,6
577.jpeg,29
315.jpeg,11
1344.jpeg,8
1364.jpeg,43
412.jpeg,49
1098.jpeg,35
480.jpeg,10
318.jpeg,4
1454.jpeg,21
376.jpeg,25
1354.jpeg,25
424.jpeg,6
427.jpeg,7
1056.jpeg,13
978.jpeg,36
1368.jpeg,33
1422.jpeg,41
168.jpeg,2
915.jpeg,41
313.jpeg,36
657.jpeg,6
184.jpeg,29
1335.jpeg,49
359.jpeg,34
1061.jpeg,5
555.jpeg,0
837.jpeg,13
586.jpeg,23
358.jpeg,42
350.jpeg,15
1005.jpeg,8
1211.jpeg,35
497.jpeg,18
1399.jpeg,45
1289.jpeg,14
1309.jpeg,15
1107.jpeg,21
253.jpeg,45
810.jpeg,15
843.jpeg,4
1484.jpeg,0
1182.jpeg,24
205.jpeg,24
916.jpeg,30
704.jpeg,13
1205.jpeg,15
20.jpeg,48
1217.jpeg,43
1097.jpeg,0
624.jpeg,40
588.jpeg,27
570.jpeg,27
305.jpeg,48
1235.jpeg,19
1090.jpeg,30
121.jpeg,15
1229.jpeg,28
1426.jpeg,44
923.jpeg,48
1117.jpeg,32
1304.jpeg,21
1270.jpeg,14
917.jpeg,8
1279.jpeg,17
1202.jpeg,5
113.jpeg,5
1109.jpeg,32
361.jpeg,9
1165.jpeg,43
1032.jpeg,44
126.jpeg,6
1030.jpeg,16
1355.jpeg,48
1110.jpeg,37
618.jpeg,41
510.jpeg,11
30.jpeg,6
552.jpeg,12
597.jpeg,9
1039.jpeg,42
35.jpeg,28
690.jpeg,24
579.jpeg,30
1442.jpeg,12
33.jpeg,47
267.jpeg,0
875.jpeg,1
1.jpeg,23
834.jpeg,35
1451.jpeg,49
248.jpeg,27
362.jpeg,36
1384.jpeg,11
660.jpeg,30
684.jpeg,28
459.jpeg,2
783.jpeg,13
566.jpeg,3
1391.jpeg,37
85.jpeg,10
1431.jpeg,44
601.jpeg,25
1475.jpeg,48
534.jpeg,30
619.jpeg,7
769.jpeg,16
1232.jpeg,14
593.jpeg,14
1065.jpeg,9
1200.jpeg,44
1044.jpeg,26
525.jpeg,24
128.jpeg,37
613.jpeg,15
797.jpeg,49
6.jpeg,0
548.jpeg,24
71.jpeg,27
430.jpeg,6
1085.jpeg,2
821.jpeg,8
385.jpeg,21
749.jpeg,36
1494.jpeg,17
177.jpeg,6
1334.jpeg,23
542.jpeg,1
413.jpeg,14
69.jpeg,44
1167.jpeg,19
1038.jpeg,27
630.jpeg,43
399.jpeg,33
703.jpeg,11
1150.jpeg,32
93.jpeg,29
152.jpeg,30
242.jpeg,46
226.jpeg,2
1382.jpeg,30
369.jpeg,39
189.jpeg,21
926.jpeg,16
331.jpeg,4
1423.jpeg,49
920.jpeg,26
290.jpeg,3
578.jpeg,47
1001.jpeg,18
878.jpeg,29
523.jpeg,33
473.jpeg,48
1427.jpeg,41
722.jpeg,45
1360.jpeg,22
663.jpeg,28
1397.jpeg,33
64.jpeg,5
1191.jpeg,49
1012.jpeg,34
527.jpeg,34
530.jpeg,13
1253.jpeg,44
739.jpeg,8
479.jpeg,35
977.jpeg,36
1079.jpeg,5
558.jpeg,34
39.jpeg,35
1222.jpeg,24
1336.jpeg,6
381.jpeg,32
763.jpeg,45
1287.jpeg,35
713.jpeg,28
846.jpeg,33
1230.jpeg,30
883.jpeg,42
826.jpeg,9
553.jpeg,34
767.jpeg,37
224.jpeg,25
808.jpeg,4
1281.jpeg,25
146.jpeg,28
743.jpeg,39
1418.jpeg,6
1045.jpeg,39
129.jpeg,35
719.jpeg,43
681.jpeg,43
1345.jpeg,14
258.jpeg,48
277.jpeg,11
1366.jpeg,18
406.jpeg,21
750.jpeg,5
870.jpeg,34
398.jpeg,19
796.jpeg,28
149.jpeg,9
1163.jpeg,42
90.jpeg,10
800.jpeg,41
929.jpeg,42
63.jpeg,27
99.jpeg,46
1213.jpeg,47
556.jpeg,46
1323.jpeg,37
726.jpeg,19
1403.jpeg,46
457.jpeg,12
832.jpeg,48
1178.jpeg,44
1251.jpeg,35
59.jpeg,23
777.jpeg,42
880.jpeg,18
699.jpeg,14
1259.jpeg,34
969.jpeg,46
564.jpeg,19
1144.jpeg,4
465.jpeg,16
1485.jpeg,39
710.jpeg,45
554.jpeg,2
215.jpeg,1
982.jpeg,6
102.jpeg,32
260.jpeg,4
178.jpeg,10
761.jpeg,22
1410.jpeg,37
42.jpeg,28
1083.jpeg,25
37.jpeg,43
100.jpeg,10
441.jpeg,41
535.jpeg,10
1313.jpeg,34
67.jpeg,48
234.jpeg,43
820.jpeg,21
901.jpeg,15
1341.jpeg,5
490.jpeg,48
779.jpeg,6
151.jpeg,23
317.jpeg,24
1035.jpeg,27
900.jpeg,3
1447.jpeg,3
447.jpeg,45
531.jpeg,25
818.jpeg,33
778.jpeg,35
1233.jpeg,4
1319.jpeg,15
1070.jpeg,5
605.jpeg,8
1353.jpeg,21
547.jpeg,21
1440.jpeg,9
919.jpeg,25
395.jpeg,16
294.jpeg,11
1173.jpeg,39
842.jpeg,11
1094.jpeg,7
389.jpeg,20
585.jpeg,47
1227.jpeg,7
341.jpeg,12
429.jpeg,19
1495.jpeg,49
114.jpeg,48
1204.jpeg,28
1161.jpeg,25
836.jpeg,9
1164.jpeg,20
1020.jpeg,27
432.jpeg,44
1374.jpeg,39
314.jpeg,43
5.jpeg,11
371.jpeg,44
506.jpeg,49
645.jpeg,49
781.jpeg,42
201.jpeg,24
581.jpeg,29
1502.jpeg,2
1176.jpeg,37
1390.jpeg,48
1375.jpeg,15
1134.jpeg,48
741.jpeg,9
61.jpeg,2
1498.jpeg,35
235.jpeg,3
813.jpeg,26
1421.jpeg,1
1250.jpeg,42
1359.jpeg,17
755.jpeg,34
118.jpeg,33
845.jpeg,24
135.jpeg,27
455.jpeg,32
1385.jpeg,35
804.jpeg,26
957.jpeg,29
1040.jpeg,10
1074.jpeg,29
784.jpeg,33
1146.jpeg,12
656.jpeg,3
1010.jpeg,4
243.jpeg,20
1477.jpeg,44
1282.jpeg,26
1127.jpeg,43
1326.jpeg,34
747.jpeg,41
1278.jpeg,35
142.jpeg,0
193.jpeg,27
809.jpeg,18
51.jpeg,32
970.jpeg,12
27.jpeg,2
964.jpeg,29
1342.jpeg,36
73.jpeg,40
762.jpeg,32
309.jpeg,35
822.jpeg,12
1168.jpeg,14
1329.jpeg,45
727.jpeg,21
355.jpeg,35
357.jpeg,42
502.jpeg,26
1153.jpeg,4
994.jpeg,4
1306.jpeg,47
559.jpeg,46
670.jpeg,33
1049.jpeg,49
1172.jpeg,28
764.jpeg,44
1404.jpeg,4
935.jpeg,6
1225.jpeg,24
753.jpeg,33
1248.jpeg,29
354.jpeg,15
1315.jpeg,5
1467.jpeg,48
1137.jpeg,40
622.jpeg,44
283.jpeg,23
1318.jpeg,35
922.jpeg,10
38.jpeg,6
500.jpeg,44
266.jpeg,9
850.jpeg,25
1243.jpeg,43
1296.jpeg,32
676.jpeg,39
1258.jpeg,7
814.jpeg,16
1186.jpeg,32
905.jpeg,3
575.jpeg,1
962.jpeg,0
225.jpeg,0
98.jpeg,33
1471.jpeg,3
949.jpeg,20
709.jpeg,14
289.jpeg,24
256.jpeg,41
325.jpeg,49
1396.jpeg,20
805.jpeg,9
1408.jpeg,2
210.jpeg,47
4.jpeg,33
119.jpeg,2
636.jpeg,11
197.jpeg,12
360.jpeg,32
829.jpeg,42
1499.jpeg,19
1103.jpeg,18
1244.jpeg,47
351.jpeg,25
444.jpeg,18
649.jpeg,32
1133.jpeg,37
1343.jpeg,26
1148.jpeg,24
31.jpeg,32
888.jpeg,23
1312.jpeg,36
286.jpeg,1
285.jpeg,20
324.jpeg,30
401.jpeg,49
62.jpeg,49
1037.jpeg,49
1465.jpeg,33
370.jpeg,14
776.jpeg,11
80.jpeg,39
411.jpeg,45
898.jpeg,12
1100.jpeg,13
909.jpeg,12
667.jpeg,24
717.jpeg,43
28.jpeg,17
265.jpeg,16
1488.jpeg,19
984.jpeg,7
971.jpeg,9
474.jpeg,40
1190.jpeg,47
349.jpeg,30
1062.jpeg,19
990.jpeg,30
801.jpeg,17
1004.jpeg,35
1060.jpeg,46
819.jpeg,42
44.jpeg,15
29.jpeg,25
598.jpeg,9
52.jpeg,16
1433.jpeg,34
143.jpeg,43
806.jpeg,8
211.jpeg,30
456.jpeg,34
1081.jpeg,29
1290.jpeg,16
509.jpeg,41
1321.jpeg,35
488.jpeg,19
1241.jpeg,9
446.jpeg,11
291.jpeg,10
560.jpeg,43
974.jpeg,33
646.jpeg,6
1048.jpeg,47
228.jpeg,8
460.jpeg,9
264.jpeg,2
1057.jpeg,9
1432.jpeg,20
382.jpeg,42
1264.jpeg,16
1187.jpeg,49
892.jpeg,30
386.jpeg,38
159.jpeg,30
418.jpeg,11
1452.jpeg,10
111.jpeg,11
790.jpeg,32
1246.jpeg,22
1239.jpeg,36
1428.jpeg,40
857.jpeg,15
508.jpeg,21
65.jpeg,42
1106.jpeg,13
1174.jpeg,11
673.jpeg,47
195.jpeg,22
394.jpeg,34
894.jpeg,12
138.jpeg,42
329.jpeg,24
167.jpeg,42
674.jpeg,0
1330.jpeg,26
891.jpeg,8
1088.jpeg,26
735.jpeg,21
1372.jpeg,27
536.jpeg,39
86.jpeg,24
1308.jpeg,40
1080.jpeg,40
327.jpeg,1
590.jpeg,19
295.jpeg,29
17.jpeg,24
188.jpeg,16
758.jpeg,47
913.jpeg,34
302.jpeg,20
216.jpeg,26
1041.jpeg,27
1305.jpeg,43
1358.jpeg,11
1265.jpeg,49
592.jpeg,33
1019.jpeg,44
765.jpeg,0
438.jpeg,13
1181.jpeg,21
940.jpeg,22
942.jpeg,15
233.jpeg,44
1125.jpeg,24
714.jpeg,3
1046.jpeg,17
1160.jpeg,7
1402.jpeg,26
1500.jpeg,11
1183.jpeg,14
9.jpeg,24
976.jpeg,15
955.jpeg,6
858.jpeg,19
611.jpeg,26
437.jpeg,1
625.jpeg,13
312.jpeg,5
458.jpeg,28
230.jpeg,2
196.jpeg,12
658.jpeg,45
991.jpeg,23
92.jpeg,22
250.jpeg,37
377.jpeg,32
841.jpeg,36
1348.jpeg,49
912.jpeg,19
825.jpeg,23
162.jpeg,33
1493.jpeg,37
1212.jpeg,9
890.jpeg,4
812.jpeg,46
1027.jpeg,29
238.jpeg,13
665.jpeg,22
1028.jpeg,6
229.jpeg,20
1166.jpeg,10
1189.jpeg,28
134.jpeg,20
306.jpeg,30
1367.jpeg,30
1480.jpeg,9
1078.jpeg,34
1302.jpeg,48
847.jpeg,32
1338.jpeg,49
202.jpeg,47
1102.jpeg,40
1351.jpeg,35
433.jpeg,6
1386.jpeg,32
117.jpeg,14
343.jpeg,42
23.jpeg,7
269.jpeg,20
469.jpeg,3
958.jpeg,8
219.jpeg,43
0.jpeg,37
153.jpeg,30
274.jpeg,1
1311.jpeg,24
679.jpeg,33
1175.jpeg,12
207.jpeg,29
1275.jpeg,39
1496.jpeg,4
1293.jpeg,11
155.jpeg,48
1487.jpeg,41
615.jpeg,43
838.jpeg,12
1497.jpeg,24
937.jpeg,2
1481.jpeg,48
53.jpeg,20
106.jpeg,33
954.jpeg,4
101.jpeg,48
237.jpeg,46
308.jpeg,33
675.jpeg,29
1362.jpeg,6
165.jpeg,25
16.jpeg,18
1195.jpeg,48
848.jpeg,38
1015.jpeg,23
1371.jpeg,28
1121.jpeg,10
1199.jpeg,14
299.jpeg,26
614.jpeg,22
1129.jpeg,13
1478.jpeg,23
602.jpeg,4
504.jpeg,18
144.jpeg,10
930.jpeg,22
1013.jpeg,40
824.jpeg,22
281.jpeg,5
1443.jpeg,41
748.jpeg,14
659.jpeg,34
856.jpeg,37
1352.jpeg,0
545.jpeg,28
439.jpeg,25
1016.jpeg,36
140.jpeg,41
936.jpeg,39
1276.jpeg,36
156.jpeg,42
721.jpeg,11
1058.jpeg,28
1138.jpeg,9
380.jpeg,3
292.jpeg,3
795.jpeg,26
595.jpeg,25
1169.jpeg,29
1122.jpeg,23
1337.jpeg,19
650.jpeg,5
158.jpeg,35
707.jpeg,7
431.jpeg,23
914.jpeg,37
176.jpeg,29
520.jpeg,45
782.jpeg,37
979.jpeg,27
1437.jpeg,47
1108.jpeg,0
206.jpeg,40
629.jpeg,37
1301.jpeg,34
454.jpeg,6
1237.jpeg,1
249.jpeg,30
244.jpeg,12
702.jpeg,36
321.jpeg,23
668.jpeg,18
132.jpeg,9
364.jpeg,10
908.jpeg,35
1489.jpeg,18
84.jpeg,27
1458.jpeg,45
522.jpeg,0
443.jpeg,23
1409.jpeg,20
1055.jpeg,40
904.jpeg,20
440.jpeg,25
1420.jpeg,3
691.jpeg,0
740.jpeg,5
869.jpeg,36
683.jpeg,6
950.jpeg,20
1188.jpeg,16
147.jpeg,19
1006.jpeg,15
728.jpeg,29
190.jpeg,17
1325.jpeg,3
1072.jpeg,10
1158.jpeg,34
960.jpeg,1
183.jpeg,22
78.jpeg,24
141.jpeg,24
1052.jpeg,47
470.jpeg,34
503.jpeg,22
513.jpeg,45
1145.jpeg,22
1031.jpeg,6
453.jpeg,48
568.jpeg,9
2.jpeg,6
787.jpeg,13
627.jpeg,19
752.jpeg,9
303.jpeg,13
965.jpeg,21
815.jpeg,19
1463.jpeg,35
644.jpeg,35
263.jpeg,3
1082.jpeg,4
811.jpeg,14
1214.jpeg,32
109.jpeg,13
1207.jpeg,0
1379.jpeg,37
409.jpeg,26
125.jpeg,5
771.jpeg,21
1283.jpeg,43
1234.jpeg,24
254.jpeg,3
462.jpeg,48
1272.jpeg,48
1383.jpeg,41
1327.jpeg,5
1152.jpeg,24
999.jpeg,48
136.jpeg,16
632.jpeg,1
328.jpeg,22
368.jpeg,32
987.jpeg,30
423.jpeg,47
1192.jpeg,3
1024.jpeg,5
628.jpeg,21
996.jpeg,11
278.jpeg,32
1260.jpeg,37
773.jpeg,24
402.jpeg,26
1346.jpeg,28
501.jpeg,30
203.jpeg,20
799.jpeg,12
862.jpeg,24
1026.jpeg,26
397.jpeg,39
396.jpeg,24
1196.jpeg,4
1218.jpeg,36
77.jpeg,8
1021.jpeg,5
992.jpeg,30
110.jpeg,19
326.jpeg,19
1332.jpeg,28
96.jpeg,20
830.jpeg,13
910.jpeg,2
1007.jpeg,4
895.jpeg,48
116.jpeg,12
1425.jpeg,29
1113.jpeg,46
428.jpeg,22
1254.jpeg,3
301.jpeg,17
1224.jpeg,33
273.jpeg,27
24.jpeg,1
41.jpeg,32
671.jpeg,19
179.jpeg,11
925.jpeg,34
268.jpeg,23
993.jpeg,48
725.jpeg,49
518.jpeg,2
529.jpeg,47
651.jpeg,29
1378.jpeg,1
333.jpeg,5
715.jpeg,10
34.jpeg,7
606.jpeg,1
517.jpeg,39
339.jpeg,10
1139.jpeg,3
40.jpeg,5
21.jpeg,29
204.jpeg,21
182.jpeg,23
621.jpeg,6
1220.jpeg,9
1087.jpeg,6
270.jpeg,28
1273.jpeg,37
647.jpeg,16
450.jpeg,43
695.jpeg,32
1448.jpeg,33
194.jpeg,47
852.jpeg,7
1203.jpeg,39
1413.jpeg,8
451.jpeg,29
729.jpeg,15
1154.jpeg,35
1043.jpeg,16
616.jpeg,36
705.jpeg,33
300.jpeg,10
907.jpeg,45
1063.jpeg,8
383.jpeg,48
421.jpeg,24
3.jpeg,6
1373.jpeg,36
486.jpeg,8
334.jpeg,7
1123.jpeg,7
7.jpeg,0
1263.jpeg,32
1333.jpeg,22
1479.jpeg,15
1242.jpeg,41
744.jpeg,2
83.jpeg,18
276.jpeg,5
186.jpeg,44
1116.jpeg,8
1376.jpeg,41
1036.jpeg,12
998.jpeg,15
471.jpeg,12
323.jpeg,49
698.jpeg,11
1091.jpeg,48
539.jpeg,48
494.jpeg,28
311.jpeg,41
712.jpeg,9
941.jpeg,17
1419.jpeg,3
1274.jpeg,35
786.jpeg,32
1206.jpeg,14
574.jpeg,12
724.jpeg,10
640.jpeg,5
1389.jpeg,25
1356.jpeg,40
1064.jpeg,48
1159.jpeg,25
464.jpeg,2
1288.jpeg,46
1067.jpeg,26
1018.jpeg,48
105.jpeg,8
594.jpeg,48
482.jpeg,25
58.jpeg,1
1472.jpeg,17
499.jpeg,22
515.jpeg,27
122.jpeg,2
1299.jpeg,25
995.jpeg,47
241.jpeg,46
426.jpeg,6
879.jpeg,49
972.jpeg,11
791.jpeg,20
12.jpeg,19
1141.jpeg,19
882.jpeg,8
18.jpeg,41
685.jpeg,15
405.jpeg,22
1073.jpeg,29
346.jpeg,29
408.jpeg,23
1271.jpeg,15
1462.jpeg,42
1119.jpeg,4
521.jpeg,2
175.jpeg,25
393.jpeg,36
414.jpeg,16
366.jpeg,14
169.jpeg,19
316.jpeg,6
641.jpeg,9
1104.jpeg,11
60.jpeg,27
220.jpeg,7
1490.jpeg,28
344.jpeg,8
1468.jpeg,21
191.jpeg,41
1120.jpeg,32
760.jpeg,26
1185.jpeg,22
1292.jpeg,5
1350.jpeg,38
407.jpeg,22
562.jpeg,27
1136.jpeg,41
1071.jpeg,34
223.jpeg,11
924.jpeg,8
697.jpeg,47
1407.jpeg,11
620.jpeg,19
422.jpeg,35
932.jpeg,33
785.jpeg,31
730.jpeg,8
468.jpeg,0
967.jpeg,28
15.jpeg,37
718.jpeg,22
477.jpeg,46
1029.jpeg,27
82.jpeg,29
1266.jpeg,40
851.jpeg,3
772.jpeg,27
692.jpeg,48
983.jpeg,9
1014.jpeg,32
1466.jpeg,10
1430.jpeg,24
677.jpeg,0
1398.jpeg,45
436.jpeg,14
160.jpeg,19
734.jpeg,14
1216.jpeg,40
1291.jpeg,44
452.jpeg,35
596.jpeg,9
348.jpeg,36
337.jpeg,19
378.jpeg,14
788.jpeg,1
187.jpeg,21
1025.jpeg,19
14.jpeg,32
307.jpeg,13
732.jpeg,0
584.jpeg,27
74.jpeg,10
356.jpeg,42
1095.jpeg,23
320.jpeg,5
817.jpeg,11
22.jpeg,33
222.jpeg,10
868.jpeg,24
298.jpeg,15
1267.jpeg,11
1446.jpeg,46
961.jpeg,15
1118.jpeg,3
918.jpeg,12
1339.jpeg,13
478.jpeg,11
807.jpeg,4
32.jpeg,5
50.jpeg,45
72.jpeg,5
434.jpeg,34
49.jpeg,8
491.jpeg,21
1322.jpeg,46
1000.jpeg,29
633.jpeg,39
610.jpeg,28
1491.jpeg,48
379.jpeg,46
549.jpeg,7
1381.jpeg,45
400.jpeg,10
76.jpeg,16
1009.jpeg,14
551.jpeg,10
75.jpeg,32
200.jpeg,13
1142.jpeg,17
511.jpeg,1
831.jpeg,20
120.jpeg,41
296.jpeg,4
181.jpeg,45
1412.jpeg,41
212.jpeg,13
104.jpeg,21
130.jpeg,13
1180.jpeg,9
557.jpeg,9
246.jpeg,48
528.jpeg,29
271.jpeg,24
1236.jpeg,35
94.jpeg,44
1456.jpeg,22
231.jpeg,23
1197.jpeg,47
1096.jpeg,42
70.jpeg,2
793.jpeg,37
483.jpeg,10
701.jpeg,4
1084.jpeg,29
417.jpeg,12
828.jpeg,8
897.jpeg,36
255.jpeg,29
1482.jpeg,14
107.jpeg,30
115.jpeg,8
367.jpeg,0
988.jpeg,46
516.jpeg,30
1438.jpeg,19
591.jpeg,40
1439.jpeg,2
607.jpeg,35
218.jpeg,7
209.jpeg,30
1435.jpeg,1
1101.jpeg,29
893.jpeg,22
1314.jpeg,5
322.jpeg,32
288.jpeg,6
57.jpeg,21
1059.jpeg,47
1449.jpeg,7
420.jpeg,33
1261.jpeg,15
946.jpeg,35
1405.jpeg,37
1076.jpeg,3
599.jpeg,16
1357.jpeg,2
123.jpeg,29
766.jpeg,21
928.jpeg,5
1126.jpeg,24
583.jpeg,42
775.jpeg,17
1395.jpeg,6
985.jpeg,26
609.jpeg,46
1249.jpeg,49
347.jpeg,48
272.jpeg,15
723.jpeg,39
1286.jpeg,1
532.jpeg,24
1501.jpeg,2
696.jpeg,2
751.jpeg,7
1256.jpeg,47
1450.jpeg,29
617.jpeg,40
171.jpeg,47
340.jpeg,39
198.jpeg,2
293.jpeg,30
1277.jpeg,2
573.jpeg,36
1149.jpeg,0
1086.jpeg,49
112.jpeg,22
391.jpeg,45
287.jpeg,9
1238.jpeg,47
794.jpeg,35
1245.jpeg,1
1387.jpeg,45
986.jpeg,10
1457.jpeg,0
1231.jpeg,48
257.jpeg,42
495.jpeg,39
792.jpeg,34
546.jpeg,41
1316.jpeg,4
1051.jpeg,1
543.jpeg,29
931.jpeg,8
150.jpeg,4
989.jpeg,5
803.jpeg,45
1089.jpeg,16
1198.jpeg,6
587.jpeg,3
871.jpeg,45
170.jpeg,44
844.jpeg,6
1193.jpeg,35
1221.jpeg,17
537.jpeg,9
1377.jpeg,8
1210.jpeg,44
716.jpeg,3
213.jpeg,39
214.jpeg,12
374.jpeg,2
89.jpeg,45
526.jpeg,33
1155.jpeg,39
861.jpeg,19
1215.jpeg,17
863.jpeg,40
133.jpeg,0
1054.jpeg,47
1284.jpeg,0
425.jpeg,39
1077.jpeg,40
980.jpeg,21
1128.jpeg,10
124.jpeg,36
55.jpeg,46
1441.jpeg,20
442.jpeg,34
746.jpeg,39
1034.jpeg,27
956.jpeg,15
623.jpeg,17
484.jpeg,24
1162.jpeg,40
672.jpeg,16
789.jpeg,5
854.jpeg,13
952.jpeg,40
1445.jpeg,48
1416.jpeg,35
544.jpeg,16
404.jpeg,24
948.jpeg,37
582.jpeg,35
199.jpeg,44
833.jpeg,44
1460.jpeg,36
816.jpeg,45
192.jpeg,8
1143.jpeg,38
872.jpeg,9
736.jpeg,45
56.jpeg,3
1486.jpeg,16
802.jpeg,10
1252.jpeg,29
866.jpeg,5
148.jpeg,9
154.jpeg,35
1112.jpeg,33
1151.jpeg,30
1002.jpeg,24
342.jpeg,20
708.jpeg,32
1324.jpeg,0
505.jpeg,9
108.jpeg,36
66.jpeg,35
642.jpeg,37
410.jpeg,12
1328.jpeg,37
1297.jpeg,16
1369.jpeg,34
282.jpeg,19
589.jpeg,2
944.jpeg,2
637.jpeg,5
375.jpeg,39
1310.jpeg,32
780.jpeg,23
835.jpeg,37
1461.jpeg,25
403.jpeg,2
387.jpeg,47
493.jpeg,39
1011.jpeg,8
1285.jpeg,39
1170.jpeg,33
1115.jpeg,11
884.jpeg,24
827.jpeg,45
1394.jpeg,27
963.jpeg,17
1194.jpeg,17
239.jpeg,13
217.jpeg,32
572.jpeg,25
1171.jpeg,9
849.jpeg,48
1135.jpeg,6
1099.jpeg,6
867.jpeg,48
669.jpeg,9
304.jpeg,26
498.jpeg,14
737.jpeg,22
481.jpeg,21
1294.jpeg,43
475.jpeg,12
416.jpeg,23
731.jpeg,29
1331.jpeg,49
569.jpeg,41
164.jpeg,29
899.jpeg,33
466.jpeg,31
372.jpeg,8
485.jpeg,33
390.jpeg,17
512.jpeg,30
280.jpeg,13
567.jpeg,27
262.jpeg,34
1208.jpeg,30
576.jpeg,17
1365.jpeg,40
388.jpeg,13
353.jpeg,16
1349.jpeg,13
571.jpeg,17
1317.jpeg,14
631.jpeg,13
1209.jpeg,0
97.jpeg,24
1255.jpeg,21
11.jpeg,9
1066.jpeg,27
1474.jpeg,49
706.jpeg,41
36.jpeg,13
507.jpeg,22
1240.jpeg,8
1453.jpeg,14
541.jpeg,17
319.jpeg,30
185.jpeg,17
19.jpeg,30
236.jpeg,48
461.jpeg,26
1140.jpeg,34
921.jpeg,9
352.jpeg,44
95.jpeg,27
733.jpeg,17
1219.jpeg,2
864.jpeg,32
1042.jpeg,45
966.jpeg,35
492.jpeg,30
997.jpeg,40
145.jpeg,29
8.jpeg,44
757.jpeg,43
1124.jpeg,22
261.jpeg,46
127.jpeg,22
365.jpeg,14
1476.jpeg,28
46.jpeg,19
131.jpeg,26
1156.jpeg,32
1093.jpeg,42
840.jpeg,47
876.jpeg,20
1047.jpeg,11
687.jpeg,33
1392.jpeg,44
1424.jpeg,28
873.jpeg,1
81.jpeg,39
